{"accuracy": [0.4980520009994507, 0.7301803231239319, 0.8029356002807617, 0.8473014831542969, 0.8694995641708374, 0.8881942629814148, 0.8961674571037292, 0.906043291091919, 0.9126875996589661, 0.9232883453369141], "loss": [1.763788104057312, 0.8591437935829163, 0.6163021326065063, 0.4727238714694977, 0.3938657343387604, 0.33914440870285034, 0.31722062826156616, 0.27755478024482727, 0.2636120617389679, 0.23113739490509033], "val_accuracy": [0.7154722213745117, 0.8547612428665161, 0.8892211318016052, 0.9142581224441528, 0.914107084274292, 0.9353085160255432, 0.9511340856552124, 0.9615837931632996, 0.9683488607406616, 0.9612213373184204], "val_loss": [0.9236407279968262, 0.46618330478668213, 0.3609899878501892, 0.2758267819881439, 0.25592488050460815, 0.19817093014717102, 0.14259302616119385, 0.12030325829982758, 0.09599263221025467, 0.11756642907857895]}